{
  "epoch": [
    1,
    1,
    2,
    2,
    3,
    3,
    4,
    4,
    5,
    5,
    6,
    6,
    7,
    7,
    8,
    8,
    9,
    9,
    10,
    10
  ],
  "split": [
    "train",
    "val",
    "train",
    "val",
    "train",
    "val",
    "train",
    "val",
    "train",
    "val",
    "train",
    "val",
    "train",
    "val",
    "train",
    "val",
    "train",
    "val",
    "train",
    "val"
  ],
  "loss": [
    0.4472530523250329,
    0.28693023210989976,
    0.33378237890553314,
    0.3017016656384497,
    0.28881893042967777,
    0.22888028226093857,
    0.257125297835631,
    0.20911242457445034,
    0.23575709317141277,
    0.18452687103472307,
    0.21160916982963401,
    0.16176129476038995,
    0.18366829229499673,
    0.15409728307685927,
    0.16340010257535173,
    0.15374605628306756,
    0.14995241307502807,
    0.14583094855268558,
    0.12905108266530796,
    0.12025527944583855
  ],
  "acc": [
    0.7909477369342336,
    0.8792415169660679,
    0.8675918979744937,
    0.8782435129740519,
    0.886721680420105,
    0.908183632734531,
    0.9034758689672419,
    0.9271457085828343,
    0.9131032758189548,
    0.9301397205588823,
    0.9202300575143786,
    0.9391217564870259,
    0.931357839459865,
    0.9341317365269461,
    0.9429857464366092,
    0.937125748502994,
    0.945986496624156,
    0.9411177644710579,
    0.9524881220305076,
    0.9550898203592815
  ]
}